A,0
B,1
C,2
D,3
E,4
F,5
G,6
H,7
I,8
J,9
K,10
L,11
M,12
N,13
O,14
P,15
Q,16
R,17
S,18
T,19
U,20
V,21
W,22
X,23
Y,24
Z,25
a,26
b,27
c,28
d,29
e,30
f,31
g,32
h,33
i,34
j,35
k,36
l,37
m,38
n,39
o,40
p,41
q,42
r,43
s,44
t,45
u,46
v,47
w,48
x,49
y,50
z,51
0,52
1,53
2,54
3,55
4,56
5,57
6,58
7,59
8,60
9,61
",",62
.,63
?,64
/,65
!,66
%,67
:,68
(,69
),70
&,71
*,72
"""",73
、,74
\,75
+,76
-,77
=,78
[,79
],80
<,81
>,82
;,83
@,84
$,85
￥,86
^,87
#,88
~,89
{,90
},91
吖,92
阿,93
啊,94
锕,95
嗄,96
哎,97
哀,98
埃,99
唉,100
锿,101
挨,102
捱,103
皑,104
癌,105
矮,106
蔼,107
霭,108
艾,109
砹,110
爱,111
隘,112
碍,113
嗳,114
嗌,115
嫒,116
瑷,117
暧,118
安,119
桉,120
氨,121
庵,122
谙,123
鹌,124
鞍,125
俺,126
埯,127
铵,128
揞,129
犴,130
岸,131
按,132
胺,133
案,134
暗,135
黯,136
肮,137
昂,138
盎,139
凹,140
敖,141
遨,142
嗷,143
廒,144
獒,145
熬,146
聱,147
螯,148
翱,149
鳌,150
鏖,151
袄,152
媪,153
岙,154
坳,155
傲,156
奥,157
骜,158
澳,159
懊,160
鏊,161
八,162
巴,163
扒,164
叭,165
芭,166
岜,167
疤,168
捌,169
笆,170
粑,171
拔,172
茇,173
菝,174
跋,175
魃,176
把,177
靶,178
坝,179
爸,180
罢,181
鲅,182
霸,183
灞,184
吧,185
掰,186
白,187
百,188
佰,189
柏,190
捭,191
摆,192
败,193
拜,194
稗,195
扳,196
班,197
般,198
颁,199
斑,200
搬,201
瘢,202
癍,203
阪,204
坂,205
板,206
版,207
钣,208
舨,209
办,210
半,211
伴,212
拌,213
绊,214
瓣,215
扮,216
邦,217
帮,218
梆,219
浜,220
绑,221
榜,222
蚌,223
棒,224
傍,225
谤,226
蒡,227
磅,228
镑,229
勹,230
包,231
苞,232
孢,233
胞,234
龅,235
煲,236
褒,237
雹,238
薄,239
宀,240
饱,241
宝,242
保,243
鸨,244
葆,245
堡,246
褓,247
报,248
抱,249
趵,250
豹,251
鲍,252
暴,253
爆,254
陂,255
杯,256
卑,257
悲,258
碑,259
鹎,260
北,261
贝,262
孛,263
邶,264
狈,265
备,266
背,267
钡,268
倍,269
悖,270
被,271
辈,272
惫,273
焙,274
蓓,275
碚,276
褙,277
鞴,278
鐾,279
呗,280
奔,281
贲,282
锛,283
本,284
苯,285
畚,286
坌,287
笨,288
崩,289
绷,290
嘣,291
甭,292
泵,293
迸,294
甏,295
蹦,296
逼,297
荸,298
鼻,299
匕,300
比,301
吡,302
妣,303
彼,304
秕,305
笔,306
俾,307
舭,308
鄙,309
币,310
必,311
毕,312
闭,313
庇,314
畀,315
荜,316
毖,317
哔,318
陛,319
毙,320
铋,321
狴,322
萆,323
庳,324
敝,325
婢,326
筚,327
愎,328
弼,329
蓖,330
跸,331
痹,332
滗,333
裨,334
碧,335
蔽,336
箅,337
弊,338
薜,339
篦,340
壁,341
避,342
嬖,343
髀,344
濞,345
臂,346
璧,347
襞,348
边,349
砭,350
笾,351
编,352
煸,353
蝙,354
鳊,355
鞭,356
贬,357
窆,358
扁,359
匾,360
碥,361
褊,362
卞,363
弁,364
苄,365
汴,366
忭,367
变,368
便,369
遍,370
缏,371
辨,372
辩,373
辫,374
标,375
飑,376
髟,377
彪,378
骠,379
膘,380
飙,381
镖,382
飚,383
瘭,384
镳,385
表,386
婊,387
裱,388
鳔,389
憋,390
鳖,391
别,392
蹩,393
瘪,394
玢,395
宾,396
彬,397
傧,398
斌,399
滨,400
缤,401
槟,402
镔,403
濒,404
豳,405
摈,406
殡,407
膑,408
髌,409
鬓,410
冰,411
兵,412
丙,413
邴,414
秉,415
柄,416
饼,417
炳,418
禀,419
疒,420
并,421
病,422
摒,423
拨,424
波,425
玻,426
钵,427
饽,428
剥,429
菠,430
播,431
伯,432
驳,433
帛,434
泊,435
勃,436
钹,437
铂,438
亳,439
舶,440
脖,441
博,442
鹁,443
渤,444
搏,445
箔,446
膊,447
踣,448
礴,449
跛,450
檗,451
擘,452
簸,453
卜,454
啵,455
逋,456
钸,457
晡,458
卟,459
补,460
捕,461
哺,462
不,463
布,464
步,465
怖,466
钚,467
部,468
埠,469
瓿,470
醭,471
簿,472
擦,473
礤,474
猜,475
才,476
材,477
财,478
裁,479
采,480
彩,481
睬,482
踩,483
菜,484
蔡,485
参,486
骖,487
餐,488
残,489
蚕,490
惭,491
惨,492
黪,493
灿,494
粲,495
璨,496
仓,497
伧,498
苍,499
沧,500
舱,501
藏,502
操,503
糙,504
曹,505
嘈,506
漕,507
槽,508
螬,509
艚,510
艹,511
草,512
刂,513
册,514
厕,515
侧,516
测,517
恻,518
策,519
岑,520
涔,521
噌,522
层,523
曾,524
蹭,525
叉,526
杈,527
插,528
馇,529
锸,530
嚓,531
茬,532
茶,533
查,534
搽,535
猹,536
槎,537
碴,538
察,539
檫,540
衩,541
镲,542
汊,543
岔,544
刹,545
诧,546
差,547
姹,548
拆,549
钗,550
侪,551
柴,552
豺,553
虿,554
瘥,555
觇,556
掺,557
搀,558
谗,559
婵,560
馋,561
禅,562
孱,563
缠,564
蝉,565
廛,566
潺,567
澶,568
蟾,569
躔,570
产,571
谄,572
铲,573
阐,574
蒇,575
骣,576
冁,577
忏,578
颤,579
羼,580
伥,581
昌,582
菖,583
猖,584
阊,585
娼,586
鲳,587
苌,588
肠,589
尝,590
常,591
偿,592
徜,593
嫦,594
厂,595
场,596
昶,597
惝,598
敞,599
氅,600
怅,601
畅,602
倡,603
鬯,604
唱,605
抄,606
怊,607
钞,608
绰,609
超,610
焯,611
晁,612
巢,613
朝,614
嘲,615
潮,616
吵,617
炒,618
耖,619
车,620
砗,621
扯,622
屮,623
彻,624
坼,625
掣,626
撤,627
澈,628
抻,629
郴,630
琛,631
嗔,632
臣,633
尘,634
辰,635
沉,636
忱,637
陈,638
宸,639
晨,640
谌,641
碜,642
衬,643
龀,644
趁,645
榇,646
谶,647
柽,648
称,649
蛏,650
撑,651
瞠,652
成,653
丞,654
呈,655
枨,656
诚,657
承,658
城,659
埕,660
乘,661
铖,662
程,663
惩,664
裎,665
塍,666
酲,667
澄,668
橙,669
逞,670
骋,671
秤,672
吃,673
哧,674
鸱,675
蚩,676
眵,677
笞,678
嗤,679
痴,680
媸,681
螭,682
魑,683
池,684
弛,685
驰,686
迟,687
茌,688
持,689
墀,690
踟,691
篪,692
尺,693
齿,694
侈,695
耻,696
豉,697
褫,698
彳,699
叱,700
斥,701
赤,702
饬,703
炽,704
翅,705
敕,706
啻,707
傺,708
瘛,709
冲,710
充,711
忡,712
茺,713
舂,714
憧,715
艟,716
虫,717
崇,718
宠,719
铳,720
抽,721
瘳,722
仇,723
俦,724
帱,725
惆,726
绸,727
畴,728
酬,729
稠,730
愁,731
筹,732
踌,733
雠,734
丑,735
瞅,736
臭,737
出,738
初,739
樗,740
刍,741
除,742
厨,743
锄,744
滁,745
蜍,746
雏,747
橱,748
躇,749
蹰,750
杵,751
础,752
楮,753
储,754
楚,755
褚,756
亍,757
处,758
怵,759
绌,760
畜,761
搐,762
触,763
憷,764
黜,765
矗,766
揣,767
搋,768
踹,769
膪,770
川,771
巛,772
氚,773
穿,774
传,775
舡,776
船,777
遄,778
椽,779
舛,780
喘,781
串,782
钏,783
疮,784
窗,785
床,786
闯,787
创,788
怆,789
吹,790
炊,791
垂,792
陲,793
捶,794
棰,795
槌,796
锤,797
春,798
椿,799
蝽,800
纯,801
莼,802
唇,803
淳,804
鹑,805
醇,806
蠢,807
踔,808
戳,809
啜,810
辍,811
龊,812
呲,813
疵,814
词,815
茈,816
茨,817
祠,818
瓷,819
辞,820
慈,821
磁,822
雌,823
鹚,824
糍,825
此,826
次,827
刺,828
赐,829
匆,830
苁,831
囱,832
枞,833
葱,834
骢,835
璁,836
聪,837
从,838
丛,839
淙,840
琮,841
凑,842
楱,843
辏,844
腠,845
粗,846
徂,847
殂,848
促,849
猝,850
蔟,851
醋,852
簇,853
蹙,854
蹴,855
汆,856
撺,857
镩,858
蹿,859
窜,860
篡,861
爨,862
崔,863
催,864
摧,865
榱,866
璀,867
脆,868
萃,869
啐,870
淬,871
悴,872
毳,873
瘁,874
粹,875
翠,876
村,877
皴,878
存,879
忖,880
寸,881
搓,882
磋,883
撮,884
蹉,885
嵯,886
矬,887
痤,888
鹾,889
脞,890
挫,891
厝,892
措,893
锉,894
错,895
耷,896
哒,897
搭,898
嗒,899
褡,900
达,901
怛,902
妲,903
笪,904
答,905
靼,906
瘩,907
鞑,908
打,909
大,910
呆,911
歹,912
逮,913
傣,914
代,915
甙,916
岱,917
迨,918
绐,919
玳,920
带,921
殆,922
贷,923
待,924
怠,925
埭,926
袋,927
戴,928
黛,929
亻,930
卩,931
丹,932
担,933
单,934
眈,935
耽,936
郸,937
聃,938
殚,939
瘅,940
箪,941
儋,942
胆,943
疸,944
掸,945
旦,946
但,947
诞,948
萏,949
啖,950
淡,951
惮,952
弹,953
蛋,954
氮,955
澹,956
当,957
铛,958
裆,959
挡,960
档,961
党,962
谠,963
凼,964
砀,965
宕,966
荡,967
菪,968
刀,969
叨,970
忉,971
氘,972
导,973
岛,974
捣,975
倒,976
祷,977
蹈,978
到,979
盗,980
悼,981
道,982
稻,983
纛,984
得,985
锝,986
德,987
的,988
灯,989
登,990
噔,991
簦,992
蹬,993
等,994
戥,995
邓,996
凳,997
嶝,998
磴,999
瞪,1000
镫,1001
低,1002
羝,1003
堤,1004
嘀,1005
滴,1006
狄,1007
迪,1008
籴,1009
荻,1010
敌,1011
涤,1012
笛,1013
觌,1014
嫡,1015
镝,1016
氐,1017
邸,1018
诋,1019
坻,1020
抵,1021
底,1022
柢,1023
砥,1024
骶,1025
地,1026
弟,1027
帝,1028
递,1029
娣,1030
第,1031
谛,1032
蒂,1033
棣,1034
睇,1035
缔,1036
碲,1037
嗲,1038
掂,1039
滇,1040
颠,1041
巅,1042
癫,1043
丶,1044
典,1045
点,1046
碘,1047
踮,1048
电,1049
佃,1050
甸,1051
阽,1052
坫,1053
店,1054
玷,1055
垫,1056
钿,1057
淀,1058
惦,1059
奠,1060
殿,1061
靛,1062
簟,1063
癜,1064
刁,1065
叼,1066
凋,1067
貂,1068
碉,1069
雕,1070
鲷,1071
吊,1072
钓,1073
掉,1074
铞,1075
铫,1076
爹,1077
跌,1078
迭,1079
垤,1080
瓞,1081
谍,1082
堞,1083
揲,1084
耋,1085
喋,1086
牒,1087
叠,1088
碟,1089
蝶,1090
蹀,1091
鲽,1092
丁,1093
仃,1094
叮,1095
玎,1096
盯,1097
町,1098
疔,1099
耵,1100
顶,1101
酊,1102
鼎,1103
订,1104
钉,1105
定,1106
啶,1107
铤,1108
腚,1109
碇,1110
锭,1111
丢,1112
铥,1113
东,1114
冬,1115
咚,1116
岽,1117
氡,1118
鸫,1119
董,1120
懂,1121
动,1122
冻,1123
侗,1124
垌,1125
栋,1126
峒,1127
胨,1128
洞,1129
恫,1130
胴,1131
硐,1132
都,1133
兜,1134
蔸,1135
篼,1136
抖,1137
钭,1138
陡,1139
蚪,1140
斗,1141
豆,1142
逗,1143
痘,1144
窦,1145
督,1146
嘟,1147
毒,1148
独,1149
读,1150
渎,1151
椟,1152
犊,1153
牍,1154
黩,1155
髑,1156
笃,1157
堵,1158
赌,1159
睹,1160
芏,1161
杜,1162
肚,1163
妒,1164
度,1165
渡,1166
镀,1167
蠹,1168
端,1169
短,1170
段,1171
断,1172
缎,1173
椴,1174
煅,1175
锻,1176
簖,1177
堆,1178
队,1179
对,1180
兑,1181
怼,1182
碓,1183
憝,1184
吨,1185
敦,1186
墩,1187
礅,1188
镦,1189
蹲,1190
盹,1191
趸,1192
沌,1193
炖,1194
砘,1195
钝,1196
盾,1197
顿,1198
遁,1199
多,1200
咄,1201
哆,1202
掇,1203
裰,1204
夺,1205
铎,1206
踱,1207
朵,1208
垛,1209
哚,1210
缍,1211
躲,1212
剁,1213
舵,1214
堕,1215
惰,1216
跺,1217
屙,1218
婀,1219
讹,1220
俄,1221
莪,1222
峨,1223
娥,1224
锇,1225
鹅,1226
蛾,1227
额,1228
厄,1229
扼,1230
苊,1231
呃,1232
轭,1233
垩,1234
恶,1235
饿,1236
鄂,1237
阏,1238
谔,1239
萼,1240
遏,1241
愕,1242
腭,1243
鹗,1244
锷,1245
颚,1246
噩,1247
鳄,1248
诶,1249
恩,1250
蒽,1251
摁,1252
嗯,1253
儿,1254
而,1255
鸸,1256
鲕,1257
尔,1258
耳,1259
迩,1260
饵,1261
洱,1262
珥,1263
铒,1264
二,1265
佴,1266
贰,1267
发,1268
乏,1269
伐,1270
罚,1271
垡,1272
阀,1273
筏,1274
法,1275
砝,1276
珐,1277
帆,1278
番,1279
蕃,1280
幡,1281
藩,1282
翻,1283
凡,1284
矾,1285
钒,1286
烦,1287
樊,1288
燔,1289
繁,1290
蹯,1291
蘩,1292
犭,1293
攵,1294
反,1295
返,1296
犯,1297
饭,1298
泛,1299
范,1300
贩,1301
畈,1302
梵,1303
匚,1304
方,1305
邡,1306
坊,1307
芳,1308
枋,1309
钫,1310
防,1311
妨,1312
肪,1313
房,1314
鲂,1315
仿,1316
访,1317
纺,1318
舫,1319
放,1320
飞,1321
妃,1322
非,1323
菲,1324
啡,1325
绯,1326
扉,1327
蜚,1328
霏,1329
鲱,1330
肥,1331
淝,1332
腓,1333
匪,1334
诽,1335
悱,1336
斐,1337
榧,1338
翡,1339
篚,1340
芾,1341
吠,1342
肺,1343
狒,1344
废,1345
沸,1346
费,1347
痱,1348
镄,1349
分,1350
芬,1351
吩,1352
纷,1353
氛,1354
酚,1355
坟,1356
汾,1357
棼,1358
焚,1359
鼢,1360
粉,1361
份,1362
奋,1363
忿,1364
偾,1365
粪,1366
愤,1367
鲼,1368
瀵,1369
丰,1370
风,1371
沣,1372
枫,1373
封,1374
砜,1375
疯,1376
峰,1377
烽,1378
葑,1379
锋,1380
蜂,1381
酆,1382
冯,1383
逢,1384
缝,1385
讽,1386
唪,1387
凤,1388
奉,1389
俸,1390
佛,1391
缶,1392
否,1393
夫,1394
呋,1395
肤,1396
麸,1397
趺,1398
跗,1399
稃,1400
孵,1401
敷,1402
弗,1403
伏,1404
凫,1405
扶,1406
芙,1407
孚,1408
拂,1409
苻,1410
服,1411
怫,1412
绂,1413
绋,1414
茯,1415
罘,1416
氟,1417
俘,1418
郛,1419
祓,1420
莩,1421
砩,1422
蚨,1423
浮,1424
菔,1425
桴,1426
符,1427
匐,1428
涪,1429
艴,1430
幅,1431
辐,1432
蜉,1433
福,1434
蝠,1435
幞,1436
黻,1437
抚,1438
甫,1439
拊,1440
斧,1441
府,1442
俯,1443
釜,1444
辅,1445
腑,1446
滏,1447
腐,1448
黼,1449
父,1450
讣,1451
付,1452
负,1453
妇,1454
附,1455
咐,1456
阜,1457
驸,1458
赴,1459
复,1460
副,1461
赋,1462
傅,1463
富,1464
腹,1465
鲋,1466
缚,1467
赙,1468
蝮,1469
鳆,1470
覆,1471
馥,1472
袱,1473
旮,1474
伽,1475
呷,1476
嘎,1477
钆,1478
尜,1479
噶,1480
尕,1481
尬,1482
该,1483
陔,1484
垓,1485
赅,1486
改,1487
丐,1488
钙,1489
盖,1490
溉,1491
概,1492
戤,1493
甘,1494
肝,1495
坩,1496
苷,1497
矸,1498
泔,1499
柑,1500
竿,1501
酐,1502
疳,1503
尴,1504
杆,1505
秆,1506
赶,1507
敢,1508
感,1509
澉,1510
橄,1511
擀,1512
干,1513
旰,1514
绀,1515
淦,1516
赣,1517
冈,1518
刚,1519
肛,1520
纲,1521
钢,1522
缸,1523
罡,1524
岗,1525
港,1526
杠,1527
筻,1528
戆,1529
皋,1530
高,1531
羔,1532
槔,1533
睾,1534
膏,1535
篙,1536
糕,1537
杲,1538
搞,1539
缟,1540
槁,1541
镐,1542
稿,1543
藁,1544
告,1545
郜,1546
诰,1547
锆,1548
戈,1549
圪,1550
纥,1551
疙,1552
咯,1553
哥,1554
胳,1555
鸽,1556
袼,1557
搁,1558
割,1559
歌,1560
革,1561
阁,1562
格,1563
鬲,1564
隔,1565
塥,1566
嗝,1567
搿,1568
膈,1569
骼,1570
镉,1571
哿,1572
舸,1573
葛,1574
个,1575
各,1576
虼,1577
硌,1578
铬,1579
给,1580
根,1581
跟,1582
哏,1583
亘,1584
艮,1585
茛,1586
庚,1587
耕,1588
赓,1589
羹,1590
埂,1591
耿,1592
哽,1593
绠,1594
梗,1595
鲠,1596
更,1597
工,1598
弓,1599
公,1600
功,1601
攻,1602
肱,1603
宫,1604
恭,1605
蚣,1606
躬,1607
龚,1608
觥,1609
廾,1610
巩,1611
汞,1612
拱,1613
珙,1614
共,1615
贡,1616
供,1617
勾,1618
佝,1619
沟,1620
钩,1621
缑,1622
篝,1623
鞲,1624
苟,1625
岣,1626
狗,1627
枸,1628
笱,1629
构,1630
购,1631
诟,1632
垢,1633
够,1634
遘,1635
彀,1636
媾,1637
觏,1638
估,1639
咕,1640
沽,1641
孤,1642
姑,1643
轱,1644
鸪,1645
菰,1646
菇,1647
蛄,1648
辜,1649
酤,1650
觚,1651
毂,1652
箍,1653
古,1654
谷,1655
汩,1656
诂,1657
股,1658
骨,1659
牯,1660
罟,1661
钴,1662
蛊,1663
鼓,1664
嘏,1665
鹘,1666
臌,1667
瞽,1668
固,1669
故,1670
顾,1671
梏,1672
崮,1673
牿,1674
雇,1675
锢,1676
痼,1677
鲴,1678
瓜,1679
呱,1680
刮,1681
胍,1682
鸹,1683
剐,1684
寡,1685
卦,1686
诖,1687
挂,1688
褂,1689
乖,1690
拐,1691
怪,1692
关,1693
观,1694
官,1695
倌,1696
棺,1697
鳏,1698
莞,1699
馆,1700
管,1701
贯,1702
冠,1703
掼,1704
涫,1705
惯,1706
盥,1707
灌,1708
鹳,1709
罐,1710
光,1711
咣,1712
胱,1713
广,1714
犷,1715
桄,1716
逛,1717
归,1718
圭,1719
龟,1720
妫,1721
规,1722
皈,1723
闺,1724
硅,1725
瑰,1726
鲑,1727
宄,1728
轨,1729
庋,1730
匦,1731
诡,1732
鬼,1733
癸,1734
晷,1735
簋,1736
柜,1737
炅,1738
刿,1739
刽,1740
贵,1741
桂,1742
桧,1743
跪,1744
鳜,1745
衮,1746
绲,1747
辊,1748
滚,1749
磙,1750
鲧,1751
棍,1752
呙,1753
埚,1754
郭,1755
崞,1756
聒,1757
锅,1758
蝈,1759
国,1760
掴,1761
帼,1762
虢,1763
馘,1764
果,1765
猓,1766
椁,1767
蜾,1768
裹,1769
过,1770
哈,1771
铪,1772
蛤,1773
还,1774
孩,1775
骸,1776
胲,1777
海,1778
醢,1779
亥,1780
骇,1781
氦,1782
害,1783
顸,1784
蚶,1785
酣,1786
憨,1787
鼾,1788
邗,1789
邯,1790
含,1791
函,1792
晗,1793
焓,1794
涵,1795
韩,1796
寒,1797
罕,1798
喊,1799
汉,1800
汗,1801
旱,1802
捍,1803
悍,1804
菡,1805
焊,1806
颔,1807
撖,1808
撼,1809
翰,1810
憾,1811
瀚,1812
夯,1813
行,1814
杭,1815
绗,1816
航,1817
颃,1818
沆,1819
蒿,1820
薅,1821
嚆,1822
蚝,1823
毫,1824
嗥,1825
豪,1826
壕,1827
嚎,1828
濠,1829
好,1830
郝,1831
号,1832
昊,1833
耗,1834
浩,1835
皓,1836
颢,1837
灏,1838
诃,1839
呵,1840
喝,1841
嗬,1842
禾,1843
合,1844
何,1845
和,1846
劾,1847
河,1848
曷,1849
阂,1850
盍,1851
荷,1852
核,1853
菏,1854
盒,1855
涸,1856
颌,1857
阖,1858
翮,1859
贺,1860
赫,1861
褐,1862
鹤,1863
壑,1864
黑,1865
嗨,1866
嘿,1867
痕,1868
很,1869
狠,1870
恨,1871
亨,1872
哼,1873
恒,1874
珩,1875
桁,1876
横,1877
衡,1878
蘅,1879
轰,1880
訇,1881
烘,1882
薨,1883
弘,1884
红,1885
闳,1886
宏,1887
泓,1888
荭,1889
虹,1890
洪,1891
鸿,1892
蕻,1893
黉,1894
哄,1895
讧,1896
侯,1897
喉,1898
猴,1899
瘊,1900
骺,1901
篌,1902
糇,1903
吼,1904
后,1905
厚,1906
逅,1907
後,1908
候,1909
堠,1910
鲎,1911
乎,1912
呼,1913
忽,1914
轷,1915
烀,1916
唿,1917
惚,1918
滹,1919
囫,1920
狐,1921
弧,1922
胡,1923
壶,1924
斛,1925
葫,1926
鹄,1927
猢,1928
湖,1929
瑚,1930
煳,1931
鹕,1932
槲,1933
蝴,1934
糊,1935
醐,1936
觳,1937
虍,1938
虎,1939
浒,1940
唬,1941
琥,1942
互,1943
户,1944
冱,1945
护,1946
沪,1947
岵,1948
怙,1949
戽,1950
祜,1951
笏,1952
瓠,1953
扈,1954
鹱,1955
花,1956
砉,1957
划,1958
华,1959
哗,1960
骅,1961
铧,1962
猾,1963
滑,1964
化,1965
画,1966
话,1967
桦,1968
怀,1969
徊,1970
淮,1971
槐,1972
踝,1973
坏,1974
欢,1975
獾,1976
环,1977
洹,1978
桓,1979
萑,1980
锾,1981
圜,1982
寰,1983
缳,1984
鬟,1985
缓,1986
幻,1987
奂,1988
宦,1989
换,1990
唤,1991
涣,1992
浣,1993
患,1994
焕,1995
逭,1996
痪,1997
豢,1998
漶,1999
鲩,2000
擐,2001
肓,2002
荒,2003
慌,2004
皇,2005
黄,2006
凰,2007
隍,2008
遑,2009
徨,2010
湟,2011
惶,2012
煌,2013
潢,2014
璜,2015
蝗,2016
篁,2017
磺,2018
癀,2019
蟥,2020
簧,2021
鳇,2022
恍,2023
晃,2024
谎,2025
幌,2026
灰,2027
诙,2028
挥,2029
虺,2030
咴,2031
恢,2032
珲,2033
晖,2034
辉,2035
麾,2036
徽,2037
隳,2038
回,2039
茴,2040
洄,2041
蛔,2042
悔,2043
毁,2044
卉,2045
汇,2046
会,2047
讳,2048
荟,2049
哕,2050
浍,2051
诲,2052
绘,2053
恚,2054
贿,2055
烩,2056
彗,2057
晦,2058
秽,2059
惠,2060
喙,2061
缋,2062
慧,2063
蕙,2064
蟪,2065
昏,2066
荤,2067
阍,2068
婚,2069
浑,2070
馄,2071
混,2072
魂,2073
诨,2074
溷,2075
耠,2076
锪,2077
劐,2078
豁,2079
活,2080
火,2081
灬,2082
伙,2083
钬,2084
夥,2085
或,2086
货,2087
获,2088
祸,2089
惑,2090
霍,2091
镬,2092
攉,2093
藿,2094
嚯,2095
蠖,2096
丌,2097
讥,2098
击,2099
叽,2100
饥,2101
玑,2102
圾,2103
芨,2104
机,2105
乩,2106
肌,2107
矶,2108
鸡,2109
咭,2110
剞,2111
唧,2112
积,2113
笄,2114
屐,2115
姬,2116
基,2117
赍,2118
犄,2119
嵇,2120
缉,2121
畸,2122
跻,2123
箕,2124
稽,2125
齑,2126
畿,2127
墼,2128
激,2129
羁,2130
及,2131
吉,2132
岌,2133
汲,2134
级,2135
极,2136
即,2137
佶,2138
亟,2139
笈,2140
急,2141
疾,2142
棘,2143
殛,2144
戢,2145
集,2146
蒺,2147
楫,2148
辑,2149
嵴,2150
嫉,2151
蕺,2152
瘠,2153
藉,2154
籍,2155
几,2156
己,2157
虮,2158
挤,2159
脊,2160
掎,2161
戟,2162
麂,2163
彐,2164
计,2165
记,2166
伎,2167
纪,2168
技,2169
芰,2170
忌,2171
际,2172
妓,2173
季,2174
剂,2175
哜,2176
迹,2177
洎,2178
济,2179
既,2180
觊,2181
继,2182
偈,2183
祭,2184
悸,2185
寄,2186
寂,2187
绩,2188
蓟,2189
霁,2190
跽,2191
鲚,2192
暨,2193
稷,2194
鲫,2195
髻,2196
冀,2197
骥,2198
加,2199
佳,2200
迦,2201
珈,2202
挟,2203
枷,2204
浃,2205
痂,2206
家,2207
笳,2208
袈,2209
葭,2210
跏,2211
嘉,2212
镓,2213
夹,2214
郏,2215
荚,2216
恝,2217
戛,2218
铗,2219
袷,2220
颊,2221
蛱,2222
甲,2223
岬,2224
胛,2225
贾,2226
钾,2227
假,2228
瘕,2229
价,2230
驾,2231
架,2232
嫁,2233
稼,2234
戋,2235
尖,2236
奸,2237
歼,2238
坚,2239
间,2240
肩,2241
艰,2242
监,2243
兼,2244
菅,2245
笺,2246
犍,2247
湔,2248
缄,2249
搛,2250
蒹,2251
煎,2252
缣,2253
鲣,2254
鹣,2255
鞯,2256
囝,2257
拣,2258
枧,2259
茧,2260
柬,2261
俭,2262
捡,2263
笕,2264
检,2265
趼,2266
减,2267
剪,2268
硷,2269
睑,2270
裥,2271
简,2272
骞,2273
谫,2274
戬,2275
碱,2276
翦,2277
蹇,2278
謇,2279
见,2280
件,2281
饯,2282
建,2283
荐,2284
贱,2285
牮,2286
剑,2287
健,2288
舰,2289
涧,2290
渐,2291
谏,2292
楗,2293
践,2294
锏,2295
毽,2296
腱,2297
溅,2298
鉴,2299
键,2300
僭,2301
踺,2302
箭,2303
江,2304
茳,2305
将,2306
姜,2307
豇,2308
浆,2309
僵,2310
缰,2311
礓,2312
疆,2313
讲,2314
奖,2315
桨,2316
蒋,2317
耩,2318
匠,2319
降,2320
洚,2321
绛,2322
酱,2323
犟,2324
糨,2325
艽,2326
交,2327
郊,2328
茭,2329
浇,2330
娇,2331
姣,2332
骄,2333
胶,2334
椒,2335
蛟,2336
焦,2337
跤,2338
僬,2339
鲛,2340
蕉,2341
礁,2342
鹪,2343
嚼,2344
纟,2345
角,2346
佼,2347
挢,2348
狡,2349
饺,2350
绞,2351
铰,2352
矫,2353
皎,2354
脚,2355
搅,2356
敫,2357
剿,2358
徼,2359
缴,2360
叫,2361
觉,2362
轿,2363
较,2364
教,2365
窖,2366
酵,2367
噍,2368
醮,2369
阶,2370
疖,2371
皆,2372
接,2373
秸,2374
揭,2375
喈,2376
嗟,2377
街,2378
孑,2379
节,2380
讦,2381
劫,2382
杰,2383
诘,2384
拮,2385
洁,2386
结,2387
桀,2388
捷,2389
婕,2390
颉,2391
睫,2392
截,2393
碣,2394
鲒,2395
竭,2396
羯,2397
姐,2398
解,2399
介,2400
戒,2401
芥,2402
届,2403
界,2404
疥,2405
诫,2406
蚧,2407
借,2408
骱,2409
巾,2410
斤,2411
今,2412
钅,2413
金,2414
津,2415
衿,2416
矜,2417
筋,2418
襟,2419
仅,2420
卺,2421
紧,2422
堇,2423
锦,2424
谨,2425
馑,2426
廑,2427
瑾,2428
槿,2429
尽,2430
进,2431
近,2432
妗,2433
劲,2434
荩,2435
晋,2436
赆,2437
烬,2438
浸,2439
靳,2440
禁,2441
缙,2442
觐,2443
噤,2444
茎,2445
京,2446
泾,2447
经,2448
荆,2449
菁,2450
旌,2451
惊,2452
晶,2453
腈,2454
睛,2455
粳,2456
兢,2457
精,2458
鲸,2459
井,2460
阱,2461
刭,2462
肼,2463
颈,2464
景,2465
儆,2466
憬,2467
警,2468
陉,2469
径,2470
净,2471
弪,2472
迳,2473
胫,2474
痉,2475
竞,2476
竟,2477
婧,2478
敬,2479
靖,2480
静,2481
境,2482
獍,2483
镜,2484
扃,2485
迥,2486
炯,2487
窘,2488
纠,2489
鸠,2490
究,2491
赳,2492
阄,2493
揪,2494
啾,2495
鬏,2496
九,2497
久,2498
玖,2499
灸,2500
韭,2501
酒,2502
旧,2503
臼,2504
咎,2505
疚,2506
柩,2507
桕,2508
救,2509
厩,2510
就,2511
舅,2512
僦,2513
鹫,2514
拘,2515
苴,2516
狙,2517
居,2518
驹,2519
疽,2520
掬,2521
琚,2522
椐,2523
锔,2524
雎,2525
裾,2526
鞠,2527
鞫,2528
局,2529
桔,2530
菊,2531
橘,2532
咀,2533
沮,2534
莒,2535
矩,2536
举,2537
榉,2538
龃,2539
榘,2540
踽,2541
巨,2542
句,2543
讵,2544
拒,2545
苣,2546
具,2547
炬,2548
钜,2549
俱,2550
倨,2551
剧,2552
据,2553
距,2554
惧,2555
犋,2556
飓,2557
锯,2558
聚,2559
窭,2560
踞,2561
屦,2562
遽,2563
醵,2564
捐,2565
涓,2566
娟,2567
鹃,2568
镌,2569
蠲,2570
卷,2571
锩,2572
倦,2573
狷,2574
桊,2575
绢,2576
鄄,2577
眷,2578
撅,2579
噘,2580
孓,2581
决,2582
诀,2583
抉,2584
珏,2585
绝,2586
掘,2587
桷,2588
崛,2589
觖,2590
厥,2591
劂,2592
谲,2593
蕨,2594
獗,2595
橛,2596
镢,2597
爵,2598
蹶,2599
矍,2600
爝,2601
攫,2602
倔,2603
军,2604
均,2605
君,2606
钧,2607
菌,2608
皲,2609
筠,2610
麇,2611
俊,2612
郡,2613
捃,2614
峻,2615
隽,2616
浚,2617
骏,2618
竣,2619
咔,2620
咖,2621
喀,2622
卡,2623
佧,2624
胩,2625
开,2626
揩,2627
锎,2628
剀,2629
凯,2630
垲,2631
恺,2632
铠,2633
蒈,2634
慨,2635
楷,2636
锴,2637
忾,2638
刊,2639
勘,2640
龛,2641
堪,2642
戡,2643
坎,2644
侃,2645
砍,2646
莰,2647
槛,2648
看,2649
阚,2650
瞰,2651
闶,2652
康,2653
慷,2654
糠,2655
扛,2656
亢,2657
伉,2658
抗,2659
炕,2660
钪,2661
尻,2662
考,2663
拷,2664
栲,2665
烤,2666
铐,2667
犒,2668
靠,2669
苛,2670
珂,2671
柯,2672
轲,2673
科,2674
钶,2675
疴,2676
蚵,2677
棵,2678
颏,2679
嗑,2680
稞,2681
窠,2682
颗,2683
磕,2684
瞌,2685
蝌,2686
髁,2687
壳,2688
咳,2689
可,2690
坷,2691
岢,2692
渴,2693
克,2694
刻,2695
恪,2696
客,2697
课,2698
氪,2699
骒,2700
缂,2701
锞,2702
溘,2703
肯,2704
垦,2705
恳,2706
啃,2707
裉,2708
坑,2709
吭,2710
铿,2711
空,2712
倥,2713
崆,2714
箜,2715
孔,2716
恐,2717
控,2718
抠,2719
芤,2720
眍,2721
口,2722
叩,2723
扣,2724
寇,2725
筘,2726
蔻,2727
刳,2728
枯,2729
哭,2730
堀,2731
窟,2732
骷,2733
苦,2734
库,2735
绔,2736
喾,2737
裤,2738
酷,2739
夸,2740
侉,2741
垮,2742
挎,2743
胯,2744
跨,2745
蒯,2746
块,2747
快,2748
侩,2749
郐,2750
哙,2751
狯,2752
脍,2753
筷,2754
宽,2755
髋,2756
款,2757
匡,2758
诓,2759
哐,2760
筐,2761
狂,2762
诳,2763
夼,2764
邝,2765
圹,2766
纩,2767
旷,2768
况,2769
矿,2770
贶,2771
框,2772
眶,2773
亏,2774
岿,2775
悝,2776
盔,2777
窥,2778
奎,2779
逵,2780
馗,2781
揆,2782
葵,2783
喹,2784
暌,2785
魁,2786
睽,2787
蝰,2788
夔,2789
傀,2790
跬,2791
匮,2792
蒉,2793
喟,2794
馈,2795
溃,2796
愦,2797
愧,2798
聩,2799
篑,2800
坤,2801
昆,2802
琨,2803
髡,2804
锟,2805
醌,2806
鲲,2807
捆,2808
阃,2809
悃,2810
困,2811
扩,2812
括,2813
栝,2814
蛞,2815
阔,2816
廓,2817
垃,2818
拉,2819
啦,2820
邋,2821
旯,2822
剌,2823
砬,2824
喇,2825
腊,2826
蜡,2827
瘌,2828
辣,2829
来,2830
莱,2831
崃,2832
徕,2833
涞,2834
铼,2835
赉,2836
睐,2837
赖,2838
濑,2839
癞,2840
籁,2841
兰,2842
岚,2843
拦,2844
栏,2845
婪,2846
阑,2847
蓝,2848
谰,2849
澜,2850
褴,2851
篮,2852
斓,2853
镧,2854
览,2855
揽,2856
缆,2857
榄,2858
罱,2859
漤,2860
懒,2861
烂,2862
滥,2863
啷,2864
郎,2865
狼,2866
阆,2867
琅,2868
廊,2869
榔,2870
锒,2871
稂,2872
螂,2873
朗,2874
浪,2875
蒗,2876
捞,2877
劳,2878
牢,2879
崂,2880
铹,2881
痨,2882
醪,2883
老,2884
佬,2885
姥,2886
栳,2887
铑,2888
唠,2889
烙,2890
涝,2891
耢,2892
酪,2893
仂,2894
叻,2895
乐,2896
泐,2897
勒,2898
鳓,2899
了,2900
雷,2901
嫘,2902
缧,2903
檑,2904
镭,2905
羸,2906
耒,2907
诔,2908
垒,2909
磊,2910
蕾,2911
儡,2912
肋,2913
泪,2914
类,2915
累,2916
酹,2917
擂,2918
嘞,2919
塄,2920
棱,2921
楞,2922
冷,2923
愣,2924
厘,2925
狸,2926
离,2927
骊,2928
梨,2929
犁,2930
鹂,2931
喱,2932
蓠,2933
蜊,2934
漓,2935
缡,2936
璃,2937
嫠,2938
黎,2939
鲡,2940
罹,2941
篱,2942
藜,2943
黧,2944
蠡,2945
礼,2946
李,2947
里,2948
俚,2949
逦,2950
哩,2951
娌,2952
理,2953
锂,2954
鲤,2955
澧,2956
醴,2957
鳢,2958
力,2959
历,2960
厉,2961
立,2962
吏,2963
坜,2964
苈,2965
丽,2966
励,2967
呖,2968
利,2969
沥,2970
枥,2971
例,2972
疠,2973
戾,2974
隶,2975
荔,2976
栎,2977
郦,2978
轹,2979
俪,2980
俐,2981
疬,2982
莉,2983
莅,2984
栗,2985
砺,2986
砾,2987
猁,2988
蛎,2989
唳,2990
笠,2991
粝,2992
粒,2993
雳,2994
跞,2995
詈,2996
傈,2997
痢,2998
溧,2999
篥,3000
奁,3001
连,3002
怜,3003
帘,3004
莲,3005
涟,3006
联,3007
裢,3008
廉,3009
鲢,3010
濂,3011
臁,3012
镰,3013
蠊,3014
琏,3015
敛,3016
脸,3017
裣,3018
蔹,3019
练,3020
炼,3021
恋,3022
殓,3023
链,3024
楝,3025
潋,3026
良,3027
莨,3028
凉,3029
梁,3030
椋,3031
粮,3032
粱,3033
墚,3034
冫,3035
两,3036
俩,3037
魉,3038
亮,3039
谅,3040
辆,3041
靓,3042
量,3043
晾,3044
踉,3045
辽,3046
疗,3047
聊,3048
僚,3049
寥,3050
撩,3051
嘹,3052
獠,3053
潦,3054
寮,3055
缭,3056
燎,3057
鹩,3058
钌,3059
蓼,3060
尥,3061
料,3062
撂,3063
廖,3064
镣,3065
咧,3066
列,3067
劣,3068
冽,3069
洌,3070
埒,3071
烈,3072
捩,3073
猎,3074
裂,3075
趔,3076
躐,3077
鬣,3078
拎,3079
邻,3080
林,3081
临,3082
啉,3083
淋,3084
琳,3085
粼,3086
嶙,3087
遴,3088
霖,3089
辚,3090
磷,3091
瞵,3092
鳞,3093
麟,3094
凛,3095
廪,3096
懔,3097
檩,3098
吝,3099
赁,3100
蔺,3101
膦,3102
躏,3103
伶,3104
灵,3105
苓,3106
囹,3107
泠,3108
玲,3109
柃,3110
瓴,3111
铃,3112
凌,3113
陵,3114
聆,3115
菱,3116
棂,3117
蛉,3118
翎,3119
羚,3120
绫,3121
零,3122
龄,3123
鲮,3124
酃,3125
岭,3126
领,3127
另,3128
令,3129
呤,3130
溜,3131
熘,3132
刘,3133
浏,3134
留,3135
流,3136
琉,3137
硫,3138
馏,3139
旒,3140
骝,3141
榴,3142
镏,3143
瘤,3144
鎏,3145
柳,3146
绺,3147
锍,3148
六,3149
遛,3150
鹨,3151
龙,3152
茏,3153
咙,3154
泷,3155
珑,3156
栊,3157
胧,3158
砻,3159
聋,3160
笼,3161
隆,3162
癃,3163
窿,3164
陇,3165
垅,3166
拢,3167
垄,3168
娄,3169
偻,3170
蒌,3171
楼,3172
耧,3173
蝼,3174
髅,3175
搂,3176
嵝,3177
篓,3178
陋,3179
镂,3180
瘘,3181
漏,3182
喽,3183
撸,3184
噜,3185
氇,3186
卢,3187
芦,3188
庐,3189
垆,3190
炉,3191
泸,3192
栌,3193
轳,3194
胪,3195
鸬,3196
颅,3197
舻,3198
鲈,3199
卤,3200
虏,3201
掳,3202
鲁,3203
橹,3204
镥,3205
陆,3206
录,3207
辂,3208
赂,3209
鹿,3210
渌,3211
逯,3212
禄,3213
碌,3214
路,3215
漉,3216
辘,3217
戮,3218
潞,3219
璐,3220
簏,3221
鹭,3222
麓,3223
露,3224
峦,3225
孪,3226
娈,3227
栾,3228
挛,3229
鸾,3230
脔,3231
滦,3232
銮,3233
卵,3234
乱,3235
掠,3236
抡,3237
仑,3238
伦,3239
囵,3240
沦,3241
纶,3242
轮,3243
论,3244
罗,3245
萝,3246
逻,3247
脶,3248
猡,3249
椤,3250
锣,3251
箩,3252
骡,3253
镙,3254
螺,3255
倮,3256
裸,3257
瘰,3258
蠃,3259
泺,3260
荦,3261
洛,3262
络,3263
骆,3264
珞,3265
落,3266
摞,3267
雒,3268
漯,3269
驴,3270
闾,3271
榈,3272
吕,3273
侣,3274
捋,3275
旅,3276
铝,3277
稆,3278
屡,3279
缕,3280
膂,3281
褛,3282
履,3283
律,3284
虑,3285
率,3286
绿,3287
氯,3288
滤,3289
略,3290
锊,3291
妈,3292
麻,3293
蟆,3294
马,3295
犸,3296
玛,3297
码,3298
蚂,3299
杩,3300
骂,3301
吗,3302
嘛,3303
埋,3304
霾,3305
买,3306
荬,3307
劢,3308
迈,3309
麦,3310
卖,3311
脉,3312
唛,3313
颟,3314
蛮,3315
馒,3316
瞒,3317
鞔,3318
鳗,3319
满,3320
螨,3321
曼,3322
谩,3323
墁,3324
蔓,3325
幔,3326
漫,3327
慢,3328
缦,3329
熳,3330
镘,3331
邙,3332
芒,3333
忙,3334
盲,3335
氓,3336
茫,3337
硭,3338
莽,3339
漭,3340
蟒,3341
猫,3342
毛,3343
矛,3344
茆,3345
茅,3346
牦,3347
旄,3348
锚,3349
髦,3350
蝥,3351
蟊,3352
卯,3353
峁,3354
泖,3355
昴,3356
铆,3357
茂,3358
冒,3359
贸,3360
耄,3361
袤,3362
帽,3363
瑁,3364
貌,3365
瞀,3366
懋,3367
么,3368
麽,3369
没,3370
玫,3371
枚,3372
眉,3373
莓,3374
梅,3375
嵋,3376
猸,3377
湄,3378
媒,3379
楣,3380
煤,3381
酶,3382
镅,3383
鹛,3384
霉,3385
每,3386
美,3387
浼,3388
镁,3389
妹,3390
昧,3391
袂,3392
寐,3393
媚,3394
魅,3395
门,3396
扪,3397
钔,3398
闷,3399
焖,3400
懑,3401
们,3402
虻,3403
萌,3404
蒙,3405
盟,3406
甍,3407
瞢,3408
檬,3409
朦,3410
礞,3411
艨,3412
勐,3413
猛,3414
锰,3415
蜢,3416
艋,3417
懵,3418
蠓,3419
孟,3420
梦,3421
咪,3422
眯,3423
弥,3424
迷,3425
祢,3426
猕,3427
谜,3428
醚,3429
糜,3430
縻,3431
麋,3432
靡,3433
蘼,3434
米,3435
芈,3436
弭,3437
脒,3438
敉,3439
糸,3440
汨,3441
觅,3442
泌,3443
宓,3444
秘,3445
密,3446
幂,3447
谧,3448
嘧,3449
蜜,3450
眠,3451
绵,3452
棉,3453
免,3454
沔,3455
黾,3456
眄,3457
勉,3458
娩,3459
冕,3460
渑,3461
湎,3462
缅,3463
腼,3464
面,3465
喵,3466
苗,3467
描,3468
鹋,3469
瞄,3470
杪,3471
眇,3472
秒,3473
淼,3474
渺,3475
缈,3476
藐,3477
邈,3478
妙,3479
庙,3480
咩,3481
灭,3482
蔑,3483
篾,3484
蠛,3485
民,3486
玟,3487
苠,3488
岷,3489
珉,3490
缗,3491
皿,3492
闵,3493
抿,3494
泯,3495
闽,3496
悯,3497
敏,3498
愍,3499
鳘,3500
名,3501
明,3502
鸣,3503
茗,3504
冥,3505
铭,3506
溟,3507
暝,3508
瞑,3509
螟,3510
酩,3511
命,3512
谬,3513
缪,3514
摸,3515
谟,3516
馍,3517
嫫,3518
摹,3519
模,3520
膜,3521
摩,3522
磨,3523
蘑,3524
魔,3525
抹,3526
末,3527
茉,3528
殁,3529
沫,3530
陌,3531
莫,3532
秣,3533
蓦,3534
貊,3535
貉,3536
漠,3537
寞,3538
墨,3539
镆,3540
瘼,3541
默,3542
貘,3543
耱,3544
嬷,3545
哞,3546
牟,3547
侔,3548
眸,3549
谋,3550
蛑,3551
鍪,3552
某,3553
呒,3554
毪,3555
母,3556
牡,3557
亩,3558
坶,3559
拇,3560
姆,3561
木,3562
目,3563
仫,3564
沐,3565
苜,3566
牧,3567
钼,3568
募,3569
墓,3570
幕,3571
睦,3572
慕,3573
暮,3574
穆,3575
拿,3576
镎,3577
哪,3578
那,3579
呐,3580
纳,3581
肭,3582
钠,3583
衲,3584
娜,3585
捺,3586
乃,3587
艿,3588
奶,3589
氖,3590
奈,3591
柰,3592
耐,3593
萘,3594
鼐,3595
囡,3596
男,3597
南,3598
难,3599
喃,3600
楠,3601
赧,3602
腩,3603
蝻,3604
囔,3605
囊,3606
馕,3607
曩,3608
攮,3609
孬,3610
呶,3611
挠,3612
硇,3613
铙,3614
蛲,3615
猱,3616
垴,3617
恼,3618
脑,3619
瑙,3620
闹,3621
淖,3622
讷,3623
呢,3624
馁,3625
内,3626
嫩,3627
能,3628
妮,3629
尼,3630
坭,3631
泥,3632
怩,3633
铌,3634
倪,3635
猊,3636
霓,3637
鲵,3638
拟,3639
你,3640
旎,3641
伲,3642
昵,3643
逆,3644
匿,3645
睨,3646
腻,3647
溺,3648
拈,3649
蔫,3650
年,3651
鲇,3652
鲶,3653
黏,3654
捻,3655
辇,3656
撵,3657
碾,3658
廿,3659
念,3660
埝,3661
娘,3662
酿,3663
鸟,3664
茑,3665
袅,3666
嬲,3667
尿,3668
脲,3669
捏,3670
乜,3671
肀,3672
陧,3673
聂,3674
臬,3675
涅,3676
啮,3677
嗫,3678
镊,3679
镍,3680
颞,3681
蹑,3682
孽,3683
蘖,3684
恁,3685
您,3686
宁,3687
咛,3688
狞,3689
柠,3690
聍,3691
甯,3692
凝,3693
拧,3694
佞,3695
泞,3696
妞,3697
牛,3698
扭,3699
狃,3700
忸,3701
纽,3702
钮,3703
拗,3704
农,3705
侬,3706
哝,3707
浓,3708
脓,3709
弄,3710
耨,3711
奴,3712
孥,3713
驽,3714
努,3715
弩,3716
胬,3717
怒,3718
暖,3719
疟,3720
虐,3721
挪,3722
傩,3723
诺,3724
喏,3725
搦,3726
锘,3727
懦,3728
糯,3729
女,3730
钕,3731
恧,3732
衄,3733
噢,3734
哦,3735
讴,3736
沤,3737
瓯,3738
欧,3739
殴,3740
鸥,3741
呕,3742
偶,3743
耦,3744
藕,3745
怄,3746
趴,3747
啪,3748
葩,3749
杷,3750
爬,3751
钯,3752
耙,3753
琶,3754
筢,3755
帕,3756
怕,3757
拍,3758
俳,3759
排,3760
徘,3761
牌,3762
哌,3763
派,3764
蒎,3765
湃,3766
潘,3767
攀,3768
爿,3769
盘,3770
磐,3771
蹒,3772
蟠,3773
判,3774
泮,3775
盼,3776
叛,3777
畔,3778
袢,3779
襻,3780
乓,3781
滂,3782
彷,3783
庞,3784
逄,3785
旁,3786
膀,3787
螃,3788
耪,3789
胖,3790
抛,3791
脬,3792
刨,3793
咆,3794
狍,3795
庖,3796
袍,3797
匏,3798
跑,3799
泡,3800
炮,3801
疱,3802
呸,3803
胚,3804
醅,3805
陪,3806
培,3807
赔,3808
锫,3809
裴,3810
沛,3811
帔,3812
佩,3813
配,3814
旆,3815
淠,3816
辔,3817
霈,3818
喷,3819
盆,3820
湓,3821
抨,3822
怦,3823
砰,3824
烹,3825
嘭,3826
朋,3827
堋,3828
彭,3829
棚,3830
蓬,3831
硼,3832
鹏,3833
澎,3834
篷,3835
膨,3836
蟛,3837
捧,3838
碰,3839
丕,3840
批,3841
邳,3842
纰,3843
坯,3844
披,3845
砒,3846
劈,3847
噼,3848
霹,3849
皮,3850
芘,3851
枇,3852
毗,3853
蚍,3854
铍,3855
郫,3856
疲,3857
陴,3858
埤,3859
啤,3860
琵,3861
脾,3862
蜱,3863
罴,3864
貔,3865
鼙,3866
匹,3867
庀,3868
圮,3869
仳,3870
痞,3871
擗,3872
癖,3873
屁,3874
睥,3875
辟,3876
媲,3877
僻,3878
甓,3879
譬,3880
偏,3881
犏,3882
篇,3883
翩,3884
骈,3885
胼,3886
蹁,3887
谝,3888
片,3889
骗,3890
剽,3891
漂,3892
缥,3893
飘,3894
螵,3895
嫖,3896
瓢,3897
殍,3898
瞟,3899
票,3900
嘌,3901
氕,3902
瞥,3903
丿,3904
苤,3905
撇,3906
拚,3907
拼,3908
姘,3909
贫,3910
频,3911
嫔,3912
颦,3913
品,3914
榀,3915
牝,3916
聘,3917
乒,3918
俜,3919
娉,3920
冖,3921
平,3922
评,3923
坪,3924
苹,3925
凭,3926
枰,3927
屏,3928
瓶,3929
萍,3930
鲆,3931
攴,3932
钋,3933
坡,3934
泼,3935
颇,3936
婆,3937
鄱,3938
皤,3939
叵,3940
钷,3941
笸,3942
迫,3943
珀,3944
破,3945
粕,3946
魄,3947
剖,3948
掊,3949
裒,3950
扑,3951
铺,3952
噗,3953
仆,3954
匍,3955
莆,3956
菩,3957
脯,3958
葡,3959
蒲,3960
璞,3961
镤,3962
濮,3963
朴,3964
埔,3965
圃,3966
浦,3967
普,3968
溥,3969
谱,3970
氆,3971
镨,3972
蹼,3973
瀑,3974
曝,3975
七,3976
沏,3977
妻,3978
柒,3979
栖,3980
桤,3981
凄,3982
萋,3983
戚,3984
期,3985
欺,3986
嘁,3987
漆,3988
蹊,3989
亓,3990
齐,3991
祁,3992
圻,3993
芪,3994
岐,3995
其,3996
奇,3997
歧,3998
祈,3999
荠,4000
耆,4001
颀,4002
脐,4003
萁,4004
畦,4005
崎,4006
淇,4007
骐,4008
骑,4009
琪,4010
琦,4011
棋,4012
蛴,4013
祺,4014
綦,4015
蜞,4016
旗,4017
蕲,4018
鳍,4019
麒,4020
乞,4021
芑,4022
屺,4023
岂,4024
企,4025
杞,4026
启,4027
起,4028
绮,4029
綮,4030
气,4031
讫,4032
迄,4033
汔,4034
弃,4035
汽,4036
泣,4037
契,4038
砌,4039
葺,4040
碛,4041
槭,4042
器,4043
憩,4044
掐,4045
葜,4046
洽,4047
恰,4048
髂,4049
千,4050
仟,4051
阡,4052
扦,4053
芊,4054
迁,4055
岍,4056
佥,4057
钎,4058
牵,4059
铅,4060
悭,4061
谦,4062
签,4063
愆,4064
搴,4065
褰,4066
钤,4067
前,4068
虔,4069
钱,4070
钳,4071
掮,4072
乾,4073
箝,4074
潜,4075
黔,4076
凵,4077
肷,4078
浅,4079
遣,4080
谴,4081
缱,4082
欠,4083
芡,4084
茜,4085
倩,4086
堑,4087
椠,4088
嵌,4089
慊,4090
歉,4091
羌,4092
枪,4093
戗,4094
戕,4095
腔,4096
蜣,4097
锖,4098
锵,4099
强,4100
墙,4101
蔷,4102
嫱,4103
樯,4104
抢,4105
羟,4106
镪,4107
襁,4108
呛,4109
炝,4110
跄,4111
悄,4112
硗,4113
跷,4114
锹,4115
劁,4116
敲,4117
橇,4118
缲,4119
乔,4120
侨,4121
荞,4122
峤,4123
桥,4124
谯,4125
鞒,4126
憔,4127
樵,4128
瞧,4129
巧,4130
愀,4131
俏,4132
诮,4133
峭,4134
窍,4135
翘,4136
撬,4137
鞘,4138
切,4139
茄,4140
且,4141
郄,4142
妾,4143
怯,4144
窃,4145
挈,4146
惬,4147
趄,4148
锲,4149
箧,4150
钦,4151
侵,4152
亲,4153
衾,4154
芹,4155
芩,4156
秦,4157
琴,4158
禽,4159
勤,4160
嗪,4161
溱,4162
擒,4163
噙,4164
檎,4165
螓,4166
锓,4167
寝,4168
吣,4169
沁,4170
揿,4171
青,4172
轻,4173
氢,4174
倾,4175
卿,4176
圊,4177
清,4178
蜻,4179
鲭,4180
情,4181
晴,4182
氰,4183
檠,4184
擎,4185
黥,4186
苘,4187
顷,4188
请,4189
謦,4190
庆,4191
箐,4192
磬,4193
罄,4194
邛,4195
穷,4196
茕,4197
穹,4198
筇,4199
琼,4200
蛩,4201
跫,4202
銎,4203
丘,4204
邱,4205
秋,4206
蚯,4207
湫,4208
楸,4209
鳅,4210
囚,4211
犰,4212
求,4213
虬,4214
泅,4215
俅,4216
酋,4217
逑,4218
球,4219
赇,4220
遒,4221
巯,4222
裘,4223
蝤,4224
鼽,4225
糗,4226
区,4227
岖,4228
诎,4229
驱,4230
屈,4231
祛,4232
蛆,4233
躯,4234
趋,4235
蛐,4236
麴,4237
黢,4238
劬,4239
朐,4240
鸲,4241
渠,4242
蕖,4243
磲,4244
璩,4245
瞿,4246
蘧,4247
氍,4248
癯,4249
衢,4250
蠼,4251
曲,4252
取,4253
娶,4254
龋,4255
去,4256
阒,4257
趣,4258
觑,4259
悛,4260
圈,4261
权,4262
全,4263
诠,4264
荃,4265
泉,4266
辁,4267
拳,4268
铨,4269
痊,4270
筌,4271
蜷,4272
醛,4273
鬈,4274
颧,4275
犬,4276
畎,4277
绻,4278
劝,4279
券,4280
炔,4281
缺,4282
瘸,4283
却,4284
悫,4285
雀,4286
确,4287
阕,4288
鹊,4289
阙,4290
榷,4291
逡,4292
裙,4293
群,4294
蚺,4295
然,4296
髯,4297
燃,4298
冉,4299
苒,4300
染,4301
禳,4302
穰,4303
瓤,4304
壤,4305
攘,4306
嚷,4307
让,4308
荛,4309
饶,4310
娆,4311
桡,4312
扰,4313
绕,4314
惹,4315
热,4316
人,4317
壬,4318
仁,4319
忍,4320
荏,4321
稔,4322
刃,4323
认,4324
仞,4325
任,4326
纫,4327
韧,4328
轫,4329
饪,4330
妊,4331
衽,4332
扔,4333
仍,4334
日,4335
戎,4336
肜,4337
茸,4338
荣,4339
狨,4340
绒,4341
容,4342
嵘,4343
蓉,4344
溶,4345
榕,4346
熔,4347
蝾,4348
融,4349
冗,4350
柔,4351
揉,4352
糅,4353
蹂,4354
鞣,4355
肉,4356
如,4357
茹,4358
铷,4359
儒,4360
薷,4361
嚅,4362
濡,4363
孺,4364
襦,4365
颥,4366
蠕,4367
汝,4368
乳,4369
辱,4370
入,4371
洳,4372
蓐,4373
溽,4374
缛,4375
褥,4376
阮,4377
软,4378
朊,4379
蕤,4380
蕊,4381
芮,4382
枘,4383
蚋,4384
锐,4385
瑞,4386
睿,4387
闰,4388
润,4389
若,4390
偌,4391
弱,4392
箬,4393
仨,4394
洒,4395
撒,4396
卅,4397
飒,4398
脎,4399
萨,4400
腮,4401
塞,4402
噻,4403
鳃,4404
赛,4405
三,4406
彡,4407
氵,4408
叁,4409
毵,4410
伞,4411
糁,4412
馓,4413
散,4414
桑,4415
搡,4416
嗓,4417
磉,4418
颡,4419
丧,4420
搔,4421
骚,4422
缫,4423
鳋,4424
扫,4425
嫂,4426
埽,4427
瘙,4428
臊,4429
色,4430
涩,4431
啬,4432
铯,4433
瑟,4434
穑,4435
森,4436
僧,4437
杀,4438
沙,4439
纱,4440
砂,4441
莎,4442
铩,4443
痧,4444
裟,4445
鲨,4446
啥,4447
傻,4448
唼,4449
厦,4450
歃,4451
煞,4452
霎,4453
筛,4454
酾,4455
晒,4456
山,4457
芟,4458
杉,4459
删,4460
苫,4461
钐,4462
衫,4463
姗,4464
珊,4465
埏,4466
舢,4467
跚,4468
煽,4469
潸,4470
膻,4471
闪,4472
陕,4473
讪,4474
汕,4475
疝,4476
扇,4477
善,4478
骟,4479
鄯,4480
缮,4481
擅,4482
膳,4483
嬗,4484
赡,4485
蟮,4486
鳝,4487
伤,4488
殇,4489
商,4490
觞,4491
墒,4492
熵,4493
垧,4494
晌,4495
赏,4496
上,4497
尚,4498
绱,4499
裳,4500
捎,4501
烧,4502
梢,4503
稍,4504
蛸,4505
筲,4506
艄,4507
勺,4508
芍,4509
杓,4510
韶,4511
少,4512
邵,4513
劭,4514
绍,4515
哨,4516
潲,4517
奢,4518
赊,4519
猞,4520
畲,4521
舌,4522
佘,4523
蛇,4524
舍,4525
厍,4526
设,4527
社,4528
射,4529
涉,4530
赦,4531
摄,4532
滠,4533
慑,4534
麝,4535
申,4536
伸,4537
身,4538
呻,4539
诜,4540
绅,4541
莘,4542
砷,4543
娠,4544
深,4545
什,4546
神,4547
沈,4548
审,4549
哂,4550
矧,4551
谂,4552
渖,4553
婶,4554
肾,4555
甚,4556
胂,4557
渗,4558
葚,4559
椹,4560
蜃,4561
慎,4562
升,4563
生,4564
声,4565
牲,4566
笙,4567
甥,4568
绳,4569
省,4570
眚,4571
圣,4572
胜,4573
晟,4574
盛,4575
剩,4576
嵊,4577
尸,4578
失,4579
师,4580
诗,4581
虱,4582
狮,4583
施,4584
湿,4585
蓍,4586
鲺,4587
十,4588
饣,4589
石,4590
时,4591
识,4592
实,4593
拾,4594
食,4595
蚀,4596
炻,4597
埘,4598
莳,4599
鲥,4600
史,4601
矢,4602
豕,4603
使,4604
始,4605
驶,4606
屎,4607
士,4608
氏,4609
礻,4610
示,4611
世,4612
仕,4613
市,4614
式,4615
似,4616
势,4617
事,4618
侍,4619
饰,4620
试,4621
视,4622
拭,4623
贳,4624
柿,4625
是,4626
适,4627
恃,4628
室,4629
逝,4630
轼,4631
铈,4632
舐,4633
弑,4634
释,4635
谥,4636
嗜,4637
筮,4638
誓,4639
噬,4640
螫,4641
匙,4642
收,4643
手,4644
守,4645
首,4646
艏,4647
寿,4648
受,4649
狩,4650
授,4651
售,4652
兽,4653
绶,4654
瘦,4655
殳,4656
书,4657
疋,4658
抒,4659
纾,4660
枢,4661
叔,4662
姝,4663
殊,4664
倏,4665
菽,4666
梳,4667
淑,4668
舒,4669
疏,4670
摅,4671
输,4672
毹,4673
蔬,4674
秫,4675
孰,4676
赎,4677
塾,4678
熟,4679
暑,4680
黍,4681
属,4682
署,4683
蜀,4684
鼠,4685
薯,4686
曙,4687
丨,4688
忄,4689
术,4690
戍,4691
束,4692
述,4693
沭,4694
树,4695
竖,4696
恕,4697
庶,4698
腧,4699
数,4700
墅,4701
漱,4702
澍,4703
刷,4704
唰,4705
耍,4706
衰,4707
摔,4708
甩,4709
帅,4710
蟀,4711
闩,4712
拴,4713
栓,4714
涮,4715
双,4716
霜,4717
孀,4718
爽,4719
谁,4720
水,4721
税,4722
睡,4723
吮,4724
顺,4725
舜,4726
瞬,4727
说,4728
妁,4729
烁,4730
铄,4731
朔,4732
硕,4733
搠,4734
蒴,4735
槊,4736
厶,4737
司,4738
丝,4739
私,4740
咝,4741
思,4742
鸶,4743
斯,4744
蛳,4745
缌,4746
厮,4747
锶,4748
撕,4749
嘶,4750
澌,4751
死,4752
巳,4753
四,4754
寺,4755
汜,4756
兕,4757
伺,4758
祀,4759
姒,4760
饲,4761
泗,4762
驷,4763
俟,4764
耜,4765
笥,4766
肆,4767
嗣,4768
忪,4769
松,4770
凇,4771
菘,4772
崧,4773
淞,4774
嵩,4775
怂,4776
耸,4777
悚,4778
竦,4779
讼,4780
宋,4781
送,4782
诵,4783
颂,4784
搜,4785
嗖,4786
馊,4787
溲,4788
飕,4789
锼,4790
螋,4791
艘,4792
叟,4793
瞍,4794
嗾,4795
擞,4796
薮,4797
嗽,4798
苏,4799
酥,4800
稣,4801
俗,4802
夙,4803
诉,4804
肃,4805
素,4806
速,4807
涑,4808
粟,4809
谡,4810
嗉,4811
塑,4812
溯,4813
愫,4814
蔌,4815
僳,4816
觫,4817
簌,4818
狻,4819
酸,4820
蒜,4821
算,4822
虽,4823
荽,4824
眭,4825
睢,4826
濉,4827
绥,4828
隋,4829
随,4830
髓,4831
岁,4832
谇,4833
祟,4834
遂,4835
碎,4836
隧,4837
燧,4838
穗,4839
邃,4840
孙,4841
荪,4842
狲,4843
飧,4844
损,4845
笋,4846
隼,4847
榫,4848
唆,4849
娑,4850
桫,4851
梭,4852
挲,4853
睃,4854
蓑,4855
嗦,4856
嗍,4857
羧,4858
缩,4859
所,4860
索,4861
唢,4862
琐,4863
锁,4864
他,4865
它,4866
她,4867
趿,4868
铊,4869
塌,4870
遢,4871
溻,4872
塔,4873
獭,4874
鳎,4875
沓,4876
挞,4877
闼,4878
榻,4879
踏,4880
蹋,4881
胎,4882
台,4883
邰,4884
抬,4885
苔,4886
骀,4887
炱,4888
跆,4889
鲐,4890
薹,4891
呔,4892
太,4893
汰,4894
态,4895
肽,4896
钛,4897
泰,4898
酞,4899
坍,4900
贪,4901
摊,4902
滩,4903
瘫,4904
坛,4905
昙,4906
郯,4907
谈,4908
覃,4909
锬,4910
痰,4911
谭,4912
潭,4913
檀,4914
镡,4915
忐,4916
坦,4917
钽,4918
袒,4919
毯,4920
叹,4921
炭,4922
探,4923
赕,4924
碳,4925
汤,4926
铴,4927
耥,4928
羰,4929
饧,4930
唐,4931
堂,4932
棠,4933
塘,4934
搪,4935
溏,4936
瑭,4937
樘,4938
膛,4939
螗,4940
镗,4941
糖,4942
醣,4943
螳,4944
帑,4945
倘,4946
淌,4947
傥,4948
躺,4949
烫,4950
趟,4951
涛,4952
绦,4953
焘,4954
掏,4955
滔,4956
韬,4957
饕,4958
逃,4959
洮,4960
桃,4961
陶,4962
萄,4963
啕,4964
淘,4965
鼗,4966
讨,4967
套,4968
忑,4969
忒,4970
特,4971
铽,4972
慝,4973
疼,4974
腾,4975
誊,4976
滕,4977
藤,4978
剔,4979
梯,4980
锑,4981
踢,4982
扌,4983
绨,4984
提,4985
啼,4986
鹈,4987
缇,4988
题,4989
醍,4990
蹄,4991
体,4992
屉,4993
剃,4994
倜,4995
逖,4996
涕,4997
悌,4998
惕,4999
替,5000
裼,5001
嚏,5002
天,5003
添,5004
田,5005
畋,5006
恬,5007
甜,5008
填,5009
阗,5010
忝,5011
殄,5012
腆,5013
舔,5014
掭,5015
佻,5016
挑,5017
祧,5018
条,5019
苕,5020
迢,5021
调,5022
笤,5023
龆,5024
蜩,5025
髫,5026
鲦,5027
窕,5028
眺,5029
粜,5030
跳,5031
帖,5032
贴,5033
萜,5034
铁,5035
餮,5036
厅,5037
汀,5038
听,5039
烃,5040
廷,5041
莛,5042
亭,5043
庭,5044
停,5045
葶,5046
蜓,5047
婷,5048
霆,5049
挺,5050
梃,5051
艇,5052
通,5053
嗵,5054
冂,5055
仝,5056
同,5057
佟,5058
彤,5059
茼,5060
桐,5061
砼,5062
铜,5063
童,5064
酮,5065
僮,5066
潼,5067
瞳,5068
统,5069
捅,5070
桶,5071
筒,5072
恸,5073
痛,5074
偷,5075
头,5076
投,5077
骰,5078
透,5079
凸,5080
秃,5081
突,5082
图,5083
荼,5084
徒,5085
途,5086
涂,5087
屠,5088
酴,5089
土,5090
吐,5091
钍,5092
兔,5093
堍,5094
菟,5095
湍,5096
团,5097
抟,5098
疃,5099
彖,5100
推,5101
颓,5102
腿,5103
退,5104
蜕,5105
煺,5106
褪,5107
吞,5108
暾,5109
屯,5110
囤,5111
饨,5112
豚,5113
臀,5114
氽,5115
乇,5116
托,5117
拖,5118
脱,5119
驮,5120
佗,5121
陀,5122
坨,5123
沲,5124
沱,5125
驼,5126
柁,5127
砣,5128
鸵,5129
酡,5130
跎,5131
橐,5132
鼍,5133
妥,5134
庹,5135
椭,5136
拓,5137
柝,5138
唾,5139
箨,5140
挖,5141
哇,5142
洼,5143
娲,5144
蛙,5145
娃,5146
瓦,5147
佤,5148
袜,5149
腽,5150
歪,5151
崴,5152
外,5153
弯,5154
剜,5155
湾,5156
蜿,5157
箢,5158
豌,5159
丸,5160
芄,5161
纨,5162
完,5163
玩,5164
顽,5165
烷,5166
宛,5167
挽,5168
菀,5169
晚,5170
脘,5171
惋,5172
婉,5173
绾,5174
琬,5175
皖,5176
碗,5177
畹,5178
万,5179
腕,5180
汪,5181
亡,5182
王,5183
网,5184
枉,5185
罔,5186
往,5187
惘,5188
辋,5189
魍,5190
妄,5191
忘,5192
旺,5193
望,5194
危,5195
威,5196
逶,5197
偎,5198
隈,5199
葳,5200
微,5201
煨,5202
薇,5203
巍,5204
囗,5205
韦,5206
为,5207
圩,5208
违,5209
围,5210
帏,5211
闱,5212
沩,5213
桅,5214
涠,5215
唯,5216
帷,5217
惟,5218
维,5219
嵬,5220
潍,5221
伟,5222
伪,5223
苇,5224
尾,5225
纬,5226
玮,5227
委,5228
炜,5229
洧,5230
诿,5231
娓,5232
萎,5233
隗,5234
猥,5235
韪,5236
艉,5237
痿,5238
鲔,5239
卫,5240
未,5241
位,5242
味,5243
畏,5244
胃,5245
軎,5246
谓,5247
尉,5248
喂,5249
猬,5250
渭,5251
蔚,5252
慰,5253
魏,5254
温,5255
瘟,5256
亠,5257
文,5258
纹,5259
闻,5260
蚊,5261
阌,5262
雯,5263
刎,5264
吻,5265
紊,5266
稳,5267
问,5268
汶,5269
璺,5270
翁,5271
嗡,5272
蓊,5273
瓮,5274
蕹,5275
挝,5276
莴,5277
倭,5278
涡,5279
喔,5280
窝,5281
蜗,5282
我,5283
肟,5284
沃,5285
卧,5286
握,5287
硪,5288
幄,5289
渥,5290
斡,5291
龌,5292
乌,5293
圬,5294
邬,5295
污,5296
巫,5297
呜,5298
钨,5299
诬,5300
屋,5301
无,5302
毋,5303
芜,5304
吾,5305
吴,5306
唔,5307
浯,5308
梧,5309
蜈,5310
鼯,5311
五,5312
午,5313
伍,5314
仵,5315
迕,5316
庑,5317
怃,5318
忤,5319
妩,5320
武,5321
侮,5322
捂,5323
牾,5324
鹉,5325
舞,5326
兀,5327
勿,5328
戊,5329
务,5330
阢,5331
坞,5332
芴,5333
杌,5334
物,5335
误,5336
悟,5337
晤,5338
焐,5339
痦,5340
婺,5341
骛,5342
雾,5343
寤,5344
鹜,5345
鋈,5346
夕,5347
兮,5348
西,5349
吸,5350
汐,5351
希,5352
昔,5353
析,5354
矽,5355
穸,5356
郗,5357
唏,5358
牺,5359
息,5360
奚,5361
浠,5362
菥,5363
硒,5364
欷,5365
悉,5366
烯,5367
淅,5368
惜,5369
晰,5370
稀,5371
舾,5372
翕,5373
粞,5374
犀,5375
皙,5376
锡,5377
溪,5378
熙,5379
蜥,5380
僖,5381
熄,5382
嘻,5383
膝,5384
嬉,5385
熹,5386
樨,5387
螅,5388
歙,5389
羲,5390
蟋,5391
醯,5392
曦,5393
鼷,5394
习,5395
席,5396
觋,5397
袭,5398
媳,5399
隰,5400
檄,5401
洗,5402
玺,5403
铣,5404
徙,5405
喜,5406
葸,5407
蓰,5408
屣,5409
禧,5410
戏,5411
饩,5412
系,5413
细,5414
阋,5415
舄,5416
隙,5417
禊,5418
虾,5419
瞎,5420
匣,5421
侠,5422
狎,5423
柙,5424
峡,5425
狭,5426
硖,5427
遐,5428
瑕,5429
暇,5430
辖,5431
霞,5432
黠,5433
下,5434
吓,5435
夏,5436
罅,5437
仙,5438
先,5439
纤,5440
氙,5441
祆,5442
籼,5443
莶,5444
掀,5445
酰,5446
跹,5447
锨,5448
鲜,5449
暹,5450
闲,5451
贤,5452
弦,5453
咸,5454
涎,5455
娴,5456
衔,5457
舷,5458
痫,5459
鹇,5460
嫌,5461
冼,5462
显,5463
险,5464
蚬,5465
猃,5466
筅,5467
跣,5468
藓,5469
燹,5470
苋,5471
县,5472
岘,5473
现,5474
限,5475
线,5476
宪,5477
陷,5478
馅,5479
羡,5480
献,5481
腺,5482
霰,5483
乡,5484
芗,5485
相,5486
香,5487
厢,5488
葙,5489
湘,5490
缃,5491
箱,5492
襄,5493
骧,5494
镶,5495
详,5496
庠,5497
祥,5498
翔,5499
享,5500
响,5501
饷,5502
飨,5503
想,5504
鲞,5505
向,5506
项,5507
巷,5508
象,5509
像,5510
橡,5511
蟓,5512
肖,5513
枭,5514
枵,5515
哓,5516
骁,5517
逍,5518
消,5519
宵,5520
绡,5521
萧,5522
硝,5523
销,5524
箫,5525
潇,5526
霄,5527
魈,5528
嚣,5529
崤,5530
淆,5531
小,5532
晓,5533
筱,5534
孝,5535
校,5536
哮,5537
笑,5538
效,5539
啸,5540
些,5541
楔,5542
歇,5543
蝎,5544
协,5545
邪,5546
胁,5547
偕,5548
斜,5549
谐,5550
携,5551
撷,5552
鞋,5553
勰,5554
缬,5555
写,5556
泄,5557
泻,5558
绁,5559
卸,5560
屑,5561
械,5562
亵,5563
渫,5564
谢,5565
榭,5566
榍,5567
薤,5568
獬,5569
邂,5570
廨,5571
懈,5572
燮,5573
蟹,5574
瀣,5575
躞,5576
心,5577
芯,5578
辛,5579
忻,5580
昕,5581
欣,5582
锌,5583
新,5584
歆,5585
薪,5586
馨,5587
鑫,5588
囟,5589
信,5590
衅,5591
星,5592
猩,5593
惺,5594
腥,5595
刑,5596
邢,5597
形,5598
型,5599
硎,5600
醒,5601
擤,5602
兴,5603
杏,5604
幸,5605
性,5606
姓,5607
荇,5608
悻,5609
凶,5610
兄,5611
芎,5612
匈,5613
汹,5614
胸,5615
雄,5616
熊,5617
休,5618
咻,5619
修,5620
庥,5621
羞,5622
鸺,5623
貅,5624
馐,5625
髹,5626
朽,5627
宿,5628
秀,5629
岫,5630
袖,5631
绣,5632
锈,5633
嗅,5634
溴,5635
戌,5636
吁,5637
盱,5638
须,5639
胥,5640
顼,5641
虚,5642
墟,5643
需,5644
嘘,5645
徐,5646
许,5647
诩,5648
栩,5649
糈,5650
醑,5651
旭,5652
序,5653
叙,5654
洫,5655
恤,5656
酗,5657
勖,5658
绪,5659
续,5660
溆,5661
絮,5662
婿,5663
蓄,5664
煦,5665
蓿,5666
轩,5667
宣,5668
谖,5669
揎,5670
萱,5671
喧,5672
暄,5673
煊,5674
儇,5675
玄,5676
痃,5677
悬,5678
旋,5679
漩,5680
璇,5681
选,5682
癣,5683
泫,5684
炫,5685
绚,5686
眩,5687
铉,5688
渲,5689
楦,5690
碹,5691
镟,5692
削,5693
靴,5694
薛,5695
穴,5696
学,5697
泶,5698
踅,5699
噱,5700
雪,5701
鳕,5702
血,5703
谑,5704
勋,5705
埙,5706
熏,5707
窨,5708
薰,5709
獯,5710
曛,5711
醺,5712
旬,5713
寻,5714
巡,5715
郇,5716
询,5717
荀,5718
荨,5719
峋,5720
洵,5721
浔,5722
恂,5723
循,5724
鲟,5725
训,5726
讯,5727
汛,5728
迅,5729
驯,5730
徇,5731
逊,5732
殉,5733
巽,5734
蕈,5735
丫,5736
压,5737
押,5738
鸦,5739
桠,5740
鸭,5741
牙,5742
伢,5743
芽,5744
岈,5745
琊,5746
蚜,5747
崖,5748
涯,5749
睚,5750
衙,5751
哑,5752
痖,5753
雅,5754
亚,5755
讶,5756
迓,5757
垭,5758
砑,5759
娅,5760
氩,5761
揠,5762
呀,5763
咽,5764
恹,5765
胭,5766
烟,5767
焉,5768
菸,5769
崦,5770
阉,5771
淹,5772
腌,5773
湮,5774
鄢,5775
嫣,5776
讠,5777
延,5778
闫,5779
严,5780
言,5781
妍,5782
岩,5783
炎,5784
沿,5785
研,5786
盐,5787
阎,5788
蜒,5789
筵,5790
颜,5791
檐,5792
奄,5793
兖,5794
俨,5795
衍,5796
剡,5797
掩,5798
郾,5799
厣,5800
眼,5801
偃,5802
琰,5803
罨,5804
演,5805
魇,5806
鼹,5807
厌,5808
砚,5809
彦,5810
艳,5811
晏,5812
唁,5813
宴,5814
验,5815
谚,5816
堰,5817
雁,5818
焰,5819
焱,5820
滟,5821
酽,5822
餍,5823
谳,5824
燕,5825
赝,5826
央,5827
泱,5828
殃,5829
鸯,5830
秧,5831
鞅,5832
扬,5833
羊,5834
阳,5835
杨,5836
炀,5837
佯,5838
疡,5839
徉,5840
洋,5841
蛘,5842
仰,5843
养,5844
氧,5845
痒,5846
怏,5847
样,5848
恙,5849
烊,5850
漾,5851
幺,5852
夭,5853
吆,5854
妖,5855
腰,5856
邀,5857
爻,5858
尧,5859
侥,5860
肴,5861
轺,5862
姚,5863
珧,5864
窑,5865
谣,5866
摇,5867
徭,5868
遥,5869
瑶,5870
繇,5871
鳐,5872
杳,5873
咬,5874
舀,5875
窈,5876
崾,5877
药,5878
要,5879
钥,5880
鹞,5881
曜,5882
耀,5883
耶,5884
掖,5885
椰,5886
噎,5887
爷,5888
揶,5889
铘,5890
也,5891
冶,5892
野,5893
业,5894
叶,5895
页,5896
曳,5897
邺,5898
夜,5899
晔,5900
烨,5901
液,5902
谒,5903
腋,5904
靥,5905
一,5906
衤,5907
伊,5908
衣,5909
医,5910
依,5911
咿,5912
铱,5913
猗,5914
揖,5915
壹,5916
欹,5917
漪,5918
噫,5919
黟,5920
仪,5921
圯,5922
夷,5923
沂,5924
诒,5925
饴,5926
怡,5927
宜,5928
荑,5929
咦,5930
贻,5931
姨,5932
眙,5933
胰,5934
移,5935
痍,5936
遗,5937
颐,5938
疑,5939
嶷,5940
彝,5941
乙,5942
已,5943
以,5944
钇,5945
苡,5946
矣,5947
迤,5948
蚁,5949
舣,5950
倚,5951
椅,5952
旖,5953
弋,5954
亿,5955
义,5956
艺,5957
刈,5958
忆,5959
仡,5960
议,5961
屹,5962
亦,5963
异,5964
抑,5965
呓,5966
邑,5967
佚,5968
役,5969
译,5970
易,5971
峄,5972
佾,5973
怿,5974
诣,5975
绎,5976
驿,5977
轶,5978
弈,5979
奕,5980
疫,5981
羿,5982
挹,5983
酏,5984
益,5985
悒,5986
谊,5987
埸,5988
逸,5989
翊,5990
翌,5991
肄,5992
裔,5993
意,5994
溢,5995
缢,5996
蜴,5997
瘗,5998
镒,5999
毅,6000
熠,6001
薏,6002
殪,6003
劓,6004
翳,6005
臆,6006
翼,6007
镱,6008
癔,6009
懿,6010
因,6011
阴,6012
茵,6013
荫,6014
音,6015
洇,6016
姻,6017
氤,6018
殷,6019
铟,6020
堙,6021
喑,6022
吟,6023
垠,6024
狺,6025
银,6026
淫,6027
寅,6028
鄞,6029
龈,6030
夤,6031
霪,6032
尹,6033
引,6034
吲,6035
饮,6036
蚓,6037
隐,6038
瘾,6039
廴,6040
印,6041
茚,6042
胤,6043
英,6044
莺,6045
婴,6046
瑛,6047
撄,6048
嘤,6049
罂,6050
缨,6051
璎,6052
樱,6053
鹦,6054
膺,6055
鹰,6056
迎,6057
茔,6058
荥,6059
荧,6060
盈,6061
莹,6062
萤,6063
营,6064
萦,6065
蓥,6066
楹,6067
滢,6068
蝇,6069
潆,6070
嬴,6071
赢,6072
瀛,6073
郢,6074
颍,6075
颖,6076
影,6077
瘿,6078
应,6079
映,6080
硬,6081
媵,6082
哟,6083
唷,6084
佣,6085
拥,6086
痈,6087
邕,6088
庸,6089
雍,6090
墉,6091
慵,6092
镛,6093
壅,6094
臃,6095
鳙,6096
饔,6097
永,6098
甬,6099
咏,6100
泳,6101
俑,6102
勇,6103
涌,6104
恿,6105
蛹,6106
踊,6107
用,6108
优,6109
攸,6110
忧,6111
呦,6112
幽,6113
悠,6114
尢,6115
尤,6116
由,6117
邮,6118
犹,6119
油,6120
疣,6121
莜,6122
莸,6123
铀,6124
蚰,6125
鱿,6126
游,6127
猷,6128
蝣,6129
友,6130
有,6131
酉,6132
卣,6133
莠,6134
铕,6135
牖,6136
黝,6137
又,6138
右,6139
幼,6140
佑,6141
侑,6142
柚,6143
囿,6144
宥,6145
诱,6146
蚴,6147
釉,6148
鼬,6149
迂,6150
纡,6151
於,6152
淤,6153
瘀,6154
于,6155
欤,6156
余,6157
妤,6158
盂,6159
臾,6160
鱼,6161
禺,6162
竽,6163
舁,6164
俞,6165
狳,6166
馀,6167
谀,6168
娱,6169
萸,6170
雩,6171
渔,6172
隅,6173
揄,6174
喁,6175
嵛,6176
逾,6177
腴,6178
渝,6179
愉,6180
瑜,6181
榆,6182
虞,6183
愚,6184
觎,6185
舆,6186
窬,6187
蝓,6188
与,6189
予,6190
屿,6191
伛,6192
宇,6193
羽,6194
雨,6195
俣,6196
禹,6197
语,6198
圄,6199
圉,6200
庾,6201
瘐,6202
龉,6203
窳,6204
玉,6205
驭,6206
芋,6207
聿,6208
饫,6209
妪,6210
郁,6211
育,6212
昱,6213
狱,6214
峪,6215
钰,6216
浴,6217
预,6218
域,6219
欲,6220
阈,6221
谕,6222
遇,6223
喻,6224
御,6225
鹆,6226
寓,6227
裕,6228
蓣,6229
愈,6230
煜,6231
誉,6232
蜮,6233
毓,6234
豫,6235
燠,6236
鹬,6237
鬻,6238
鸢,6239
眢,6240
鸳,6241
冤,6242
渊,6243
元,6244
芫,6245
园,6246
员,6247
沅,6248
垣,6249
爰,6250
袁,6251
原,6252
圆,6253
鼋,6254
援,6255
媛,6256
缘,6257
塬,6258
猿,6259
源,6260
辕,6261
橼,6262
螈,6263
远,6264
苑,6265
怨,6266
院,6267
垸,6268
掾,6269
瑗,6270
愿,6271
曰,6272
约,6273
月,6274
刖,6275
岳,6276
钺,6277
阅,6278
悦,6279
跃,6280
越,6281
粤,6282
樾,6283
龠,6284
瀹,6285
晕,6286
氲,6287
云,6288
匀,6289
芸,6290
纭,6291
昀,6292
郧,6293
耘,6294
允,6295
狁,6296
陨,6297
殒,6298
孕,6299
运,6300
郓,6301
恽,6302
酝,6303
愠,6304
韫,6305
韵,6306
蕴,6307
熨,6308
匝,6309
咂,6310
拶,6311
杂,6312
砸,6313
咋,6314
灾,6315
甾,6316
哉,6317
栽,6318
仔,6319
载,6320
宰,6321
崽,6322
再,6323
在,6324
糌,6325
簪,6326
咱,6327
昝,6328
攒,6329
趱,6330
暂,6331
錾,6332
赞,6333
瓒,6334
赃,6335
脏,6336
臧,6337
驵,6338
奘,6339
葬,6340
遭,6341
糟,6342
凿,6343
早,6344
枣,6345
蚤,6346
澡,6347
藻,6348
皂,6349
灶,6350
唣,6351
造,6352
噪,6353
燥,6354
躁,6355
则,6356
责,6357
择,6358
迮,6359
泽,6360
啧,6361
帻,6362
笮,6363
舴,6364
箦,6365
赜,6366
仄,6367
昃,6368
贼,6369
怎,6370
谮,6371
增,6372
憎,6373
罾,6374
锃,6375
缯,6376
赠,6377
甑,6378
扎,6379
吒,6380
哳,6381
揸,6382
喳,6383
渣,6384
楂,6385
齄,6386
札,6387
轧,6388
闸,6389
铡,6390
眨,6391
砟,6392
乍,6393
诈,6394
柞,6395
栅,6396
咤,6397
炸,6398
痄,6399
蚱,6400
榨,6401
斋,6402
摘,6403
宅,6404
翟,6405
窄,6406
债,6407
砦,6408
寨,6409
瘵,6410
沾,6411
毡,6412
旃,6413
粘,6414
詹,6415
谵,6416
瞻,6417
斩,6418
盏,6419
展,6420
崭,6421
搌,6422
辗,6423
占,6424
栈,6425
战,6426
站,6427
绽,6428
湛,6429
蘸,6430
张,6431
章,6432
鄣,6433
獐,6434
彰,6435
漳,6436
嫜,6437
璋,6438
樟,6439
蟑,6440
长,6441
仉,6442
涨,6443
掌,6444
丈,6445
仗,6446
杖,6447
帐,6448
账,6449
胀,6450
障,6451
嶂,6452
幛,6453
瘴,6454
钊,6455
招,6456
昭,6457
爪,6458
找,6459
沼,6460
召,6461
兆,6462
诏,6463
赵,6464
笊,6465
棹,6466
照,6467
罩,6468
肇,6469
蜇,6470
遮,6471
折,6472
哲,6473
辄,6474
蛰,6475
谪,6476
摺,6477
磔,6478
辙,6479
者,6480
锗,6481
赭,6482
褶,6483
这,6484
柘,6485
浙,6486
蔗,6487
鹧,6488
着,6489
贞,6490
针,6491
侦,6492
珍,6493
帧,6494
胗,6495
浈,6496
真,6497
桢,6498
砧,6499
祯,6500
蓁,6501
斟,6502
甄,6503
榛,6504
箴,6505
臻,6506
诊,6507
枕,6508
轸,6509
畛,6510
疹,6511
缜,6512
稹,6513
圳,6514
阵,6515
鸩,6516
振,6517
朕,6518
赈,6519
震,6520
镇,6521
争,6522
征,6523
怔,6524
峥,6525
狰,6526
钲,6527
睁,6528
铮,6529
筝,6530
蒸,6531
拯,6532
整,6533
正,6534
证,6535
郑,6536
诤,6537
政,6538
挣,6539
症,6540
之,6541
支,6542
只,6543
卮,6544
汁,6545
芝,6546
吱,6547
枝,6548
知,6549
肢,6550
织,6551
栀,6552
胝,6553
祗,6554
脂,6555
蜘,6556
执,6557
直,6558
侄,6559
值,6560
埴,6561
职,6562
絷,6563
植,6564
殖,6565
跖,6566
摭,6567
踯,6568
夂,6569
止,6570
旨,6571
址,6572
芷,6573
纸,6574
祉,6575
指,6576
枳,6577
轵,6578
咫,6579
趾,6580
黹,6581
酯,6582
徵,6583
至,6584
志,6585
豸,6586
忮,6587
郅,6588
帜,6589
帙,6590
制,6591
质,6592
炙,6593
治,6594
栉,6595
峙,6596
陟,6597
贽,6598
挚,6599
桎,6600
轾,6601
致,6602
秩,6603
鸷,6604
掷,6605
痔,6606
窒,6607
蛭,6608
智,6609
痣,6610
滞,6611
骘,6612
彘,6613
置,6614
雉,6615
稚,6616
踬,6617
膣,6618
觯,6619
中,6620
忠,6621
终,6622
盅,6623
钟,6624
舯,6625
衷,6626
锺,6627
螽,6628
肿,6629
种,6630
冢,6631
踵,6632
仲,6633
众,6634
重,6635
舟,6636
州,6637
诌,6638
周,6639
洲,6640
啁,6641
粥,6642
妯,6643
轴,6644
碡,6645
肘,6646
纣,6647
咒,6648
宙,6649
绉,6650
荮,6651
胄,6652
昼,6653
酎,6654
皱,6655
骤,6656
籀,6657
帚,6658
朱,6659
邾,6660
侏,6661
诛,6662
茱,6663
洙,6664
珠,6665
株,6666
诸,6667
铢,6668
猪,6669
蛛,6670
槠,6671
潴,6672
橥,6673
竹,6674
竺,6675
逐,6676
烛,6677
舳,6678
瘃,6679
躅,6680
主,6681
拄,6682
渚,6683
煮,6684
嘱,6685
麈,6686
瞩,6687
伫,6688
苎,6689
助,6690
住,6691
杼,6692
贮,6693
注,6694
驻,6695
柱,6696
炷,6697
祝,6698
疰,6699
著,6700
蛀,6701
铸,6702
筑,6703
翥,6704
箸,6705
抓,6706
拽,6707
专,6708
砖,6709
颛,6710
转,6711
啭,6712
赚,6713
撰,6714
篆,6715
馔,6716
妆,6717
庄,6718
桩,6719
装,6720
丬,6721
壮,6722
状,6723
撞,6724
幢,6725
隹,6726
追,6727
骓,6728
椎,6729
锥,6730
坠,6731
缀,6732
惴,6733
缒,6734
赘,6735
肫,6736
窀,6737
谆,6738
准,6739
拙,6740
捉,6741
桌,6742
倬,6743
涿,6744
灼,6745
茁,6746
卓,6747
斫,6748
浊,6749
酌,6750
浞,6751
诼,6752
啄,6753
琢,6754
禚,6755
擢,6756
濯,6757
镯,6758
孜,6759
咨,6760
姿,6761
兹,6762
赀,6763
资,6764
淄,6765
谘,6766
缁,6767
辎,6768
嵫,6769
粢,6770
孳,6771
滋,6772
趑,6773
锱,6774
龇,6775
髭,6776
鲻,6777
子,6778
姊,6779
耔,6780
秭,6781
籽,6782
笫,6783
梓,6784
紫,6785
訾,6786
滓,6787
自,6788
字,6789
恣,6790
眦,6791
渍,6792
宗,6793
综,6794
棕,6795
腙,6796
踪,6797
鬃,6798
总,6799
偬,6800
纵,6801
粽,6802
邹,6803
驺,6804
诹,6805
陬,6806
鄹,6807
鲰,6808
辶,6809
走,6810
奏,6811
揍,6812
租,6813
菹,6814
足,6815
卒,6816
族,6817
镞,6818
诅,6819
阻,6820
组,6821
俎,6822
祖,6823
躜,6824
缵,6825
纂,6826
钻,6827
攥,6828
觜,6829
嘴,6830
最,6831
罪,6832
蕞,6833
醉,6834
尊,6835
遵,6836
樽,6837
鳟,6838
撙,6839
嘬,6840
昨,6841
阝,6842
左,6843
佐,6844
作,6845
坐,6846
阼,6847
怍,6848
胙,6849
祚,6850
唑,6851
座,6852
做,6853
酢,6854
玥,6855
